{"NSynth": {"ae_w2v_128_self_1h": [0.693115234375, 0.69140625, 0.6748046875, 0.6904296875, 0.685302734375, 0.700439453125, 0.68408203125, 0.701171875, 0.68994140625, 0.677734375], "ae_w2v_128_self_4h": [0.70068359375, 0.68701171875, 0.682861328125, 0.7060546875, 0.697509765625, 0.6962890625, 0.699951171875, 0.702880859375, 0.694091796875, 0.705322265625], "ae_w2v_1152_self_1h": [0.697021484375, 0.683349609375, 0.6845703125, 0.683349609375, 0.689208984375, 0.681396484375, 0.687744140625, 0.6767578125, 0.6904296875, 0.682861328125], "ae_w2v_1152_self_4h": [0.701904296875, 0.69873046875, 0.691162109375, 0.697265625, 0.70166015625, 0.702880859375, 0.695068359375, 0.703369140625, 0.70361328125, 0.6953125], "ae_w2v_128_mean": [0.7021484375, 0.7060546875, 0.702880859375, 0.690673828125, 0.69970703125, 0.701904296875, 0.70751953125, 0.688232421875, 0.705322265625, 0.698974609375], "ae_w2v_1152_mean": [0.665283203125, 0.685791015625, 0.70556640625, 0.687255859375, 0.689453125, 0.680419921875, 0.688232421875, 0.675048828125, 0.69140625, 0.6669921875]}, "US8K": {"ae_w2v_128_self_1h": [0.7163924700626887, 0.7169206344973034, 0.711320684544489, 0.7187453597395074, 0.7141219001918552, 0.7151932387835129, 0.7099244704694572, 0.7122921944914015, 0.7203158407915994, 0.715622242498837], "ae_w2v_128_self_4h": [0.7393585058973816, 0.7353163335484147, 0.7374726803720291, 0.7372251318628081, 0.7279442110277364, 0.7334100651219668, 0.7357801137196932, 0.7330966752680524, 0.7359679868206224, 0.7352362992942517], "ae_w2v_1152_self_1h": [0.7279127009185272, 0.7188071433440382, 0.7215415312052542, 0.7217658501281524, 0.7213485542933609, 0.7219189173741494, 0.7190828532753265, 0.7191453692904066, 0.7194112379491528, 0.7201744688326943], "ae_w2v_1152_self_4h": [0.7045619319746557, 0.7071487864638974, 0.7086673658906915, 0.7023758702482944, 0.7040412814768605, 0.7068295414276262, 0.7045911557019388, 0.701634484273617, 0.7008716559081086, 0.705593916426724], "ae_w2v_128_mean": [0.7189206634252061, 0.7094578341605364, 0.7090474821226984, 0.712220165207424, 0.7133715372673374, 0.7154556459297495, 0.7153949421444561, 0.7158430151835586, 0.7127538195721724, 0.7076265610119228], "ae_w2v_1152_mean": [0.7131925613441983, 0.7085464660529446, 0.7114287762451034, 0.7135056565666424, 0.7065059723754205, 0.7067648448022286, 0.7113107570453504, 0.716814505988759, 0.7064640020691966, 0.7153919731976857], "tag_w2v_128_self_1h": [0.7896532954850097, 0.7928698904068898, 0.7799709225151693, 0.8006339235124447, 0.7966548106375895, 0.7949789681917503, 0.8015625621942443, 0.7911552995492389, 0.7887027699217997, 0.7848205479536116], "tag_w2v_128_self_4h": [0.790153510487974, 0.7856902351219992, 0.7959567364712353, 0.7928698647873292, 0.8027777530257911, 0.7904727767723253, 0.7998848298804861, 0.7962696936311532, 0.790736153482299, 0.7908506670705748], "tag_w2v_1152_self_1h": [0.7984854420363282, 0.811826489991056, 0.8101465633454994, 0.8067775561123453, 0.7902096986948072, 0.7987480495253201, 0.7995854345406554, 0.8068235612207368, 0.8003417639644816, 0.8102305974537793], "tag_w2v_1152_self_4h": [0.787472901514771, 0.7886632923001784, 0.7894936106287045, 0.8038668155230084, 0.7851998888379057, 0.7859651407894149, 0.7727212023098687, 0.7834570948993991, 0.7820780071728283, 0.7862455139583214], "tag_w2v_128_mean": [0.7949764044622942, 0.8038184478353368, 0.795832309755041, 0.8022668387777369, 0.8038738416785943, 0.7879335528136111, 0.7927474135838882, 0.800780433869915, 0.7969030997293006, 0.7922608342986798], "tag_w2v_1152_mean": [0.7738456193354397, 0.7926049408568677, 0.7866077388536643, 0.7784605579739635, 0.7906642601426415, 0.7786187154907035, 0.7789709723895449, 0.7974259211473173, 0.7814288700827958, 0.7952568612071065]}, "GTZAN": {"ae_w2v_128_self_1h": [0.6193771626297578, 0.6228373702422145, 0.6262975778546713, 0.6020761245674741, 0.6089965397923875, 0.6193771626297578, 0.6124567474048442, 0.5916955017301038, 0.6020761245674741, 0.629757785467128], "ae_w2v_128_self_4h": [0.5709342560553633, 0.6124567474048442, 0.6193771626297578, 0.5882352941176471, 0.5986159169550173, 0.5882352941176471, 0.5778546712802768, 0.6089965397923875, 0.6020761245674741, 0.5951557093425606], "ae_w2v_1152_self_1h": [0.6366782006920415, 0.5986159169550173, 0.6089965397923875, 0.6262975778546713, 0.6401384083044983, 0.6020761245674741, 0.615916955017301, 0.615916955017301, 0.5951557093425606, 0.6124567474048442], "ae_w2v_1152_self_4h": [0.5951557093425606, 0.6505190311418685, 0.6366782006920415, 0.6332179930795848, 0.6228373702422145, 0.629757785467128, 0.657439446366782, 0.6228373702422145, 0.657439446366782, 0.6332179930795848], "ae_w2v_128_mean": [0.6020761245674741, 0.615916955017301, 0.6055363321799307, 0.5847750865051903, 0.615916955017301, 0.615916955017301, 0.6124567474048442, 0.5882352941176471, 0.6124567474048442, 0.5882352941176471], "ae_w2v_1152_mean": [0.5986159169550173, 0.615916955017301, 0.5847750865051903, 0.5847750865051903, 0.6262975778546713, 0.5986159169550173, 0.5951557093425606, 0.6089965397923875, 0.6332179930795848, 0.6262975778546713]}}